{"cameraMode":{"drawMode":0,"name":"Shaded","section":"Shading Mode"},"sceneLighting":true,"audioPlay":false,"sceneViewState":{"showFog":true,"showMaterialUpdate":false,"showSkybox":true,"showFlares":true,"showImageEffects":true,"showParticleSystems":true},"in2DMode":false,"pivot":{"x":-0.32391396164894106,"y":2.10953688621521,"z":0.3157968521118164},"rotation":{"x":-0.031796298921108249,"y":0.022215737029910089,"z":-0.0007341164746321738,"w":-0.999258816242218},"size":20.958404541015626,"orthographic":false}